Mutation,$\Delta\Delta$G (kcal/mol),Error (kcal/mol),ACE-X-NME phase simulation time (ns/replica),ALA-X-ALA phase simulation time (ns/replica)
Y2F,-0.1,0.41,5,5
Y2A,0.35,0.66,5,5
W2F,0.12,0.6,5,5
T2A,0.62,0.25,5,5
E2A,5.17,1.12,5,5
D2A,5.21,1.05,5,5
K2A,-1.73,1.27,5,5
R2A,-1.39,1.48,5,5
R2Q,-1.53,1.54,5,5
H2A,1.08,0.55,5,5
F2Y,0.17,0.42,5,5
A2Y,-0.42,0.7,5,5
F2W,-0.26,0.63,5,5
A2T,-0.63,0.22,5,5
A2E,-5.06,1.3,5,5
A2D,-4.78,1.26,5,5
A2K,1.58,1.06,5,5
A2R,1.71,1.23,5,5
Q2R,1.7,1.21,5,5
A2H,-0.82,0.46,5,5
