Mutation,Predicted $\Delta\Delta$G (kcal/mol),Error (kcal/mol),Experimental $\Delta\Delta$G (kcal/mol),Complex phase simulation time (ns/replica),Apo phase simulation time (ns/replica),Mutation direction
Y29F,1.09,0.64,-0.1,10,10,forward
Y29A,1.9,0.62,3.4,10,10,forward
W38F,0.63,0.69,1.6,10,10,forward
T42A,0.47,0.43,1.8,10,10,forward
W44F,0.04,0.82,0.0,10,10,forward
E76A,0.64,1.0,1.4,10,10,forward
E80A,0.2,1.07,0.5,10,10,forward
D35A,2.38,0.83,4.5,10,10,forward
D39A,7.06,0.94,7.7,10,10,forward
K27A,3.29,0.96,5.4,10,10,forward
R59A,3.94,1.06,5.2,10,10,forward
R83Q,2.63,0.76,5.4,10,10,forward
R87A,7.67,0.79,5.5,10,10,forward
H102A,7.97,0.62,6.1,10,10,forward
F29Y,-1.05,0.76,0.1,10,10,reverse
A29Y,-0.98,0.84,-3.4,10,10,reverse
F38W,-0.6,0.8,-1.6,10,10,reverse
A42T,-0.39,0.49,-1.8,10,10,reverse
F44W,-0.39,0.7,0.0,10,10,reverse
A76E,-1.25,1.25,-1.4,10,10,reverse
A80E,-0.75,0.98,-0.5,10,10,reverse
A35D,-2.12,0.88,-4.5,10,10,reverse
A39D,-6.53,0.93,-7.7,10,10,reverse
A27K,-3.78,0.93,-5.4,10,10,reverse
A59R,-4.2,0.91,-5.2,10,10,reverse
Q83R,1.75,0.86,-5.4,10,10,reverse
A87R,-5.61,0.93,-5.5,10,10,reverse
A102H,-7.68,0.46,-6.1,10,10,reverse
